Log Number,Total Damage,Max Pulse Damage,Min Pulse Damage,Average Pulse Damage,Pulses
295710,285,101,90,95.0,3
295709,797,228,14,99.625,8
295708,24,24,24,24.0,1
295707,809,114,12,73.54545454545455,11
295706,0,0,0,0,0
295705,386,70,59,64.33333333333333,6
295704,1539,119,66,102.6,15
295703,999,415,83,199.8,5
295702,0,0,0,0,0
295701,67,67,67,67.0,1
